{
    "loss": 2.064037561416626,
    "accuracy": 0.9133333563804626
}